Ct,a
0.650835, 0.243423
0.654068, 0.243423
0.657153, 0.243423
0.660114, 0.243423
0.662958, 0.243423
0.665689, 0.243423
0.668311, 0.243423
0.670828, 0.243423
0.673246, 0.243423
0.675567, 0.243423
0.677796, 0.243423
0.679936, 0.243423
0.681990, 0.243423
0.683962, 0.243423
0.685856, 0.243423
0.687663, 0.243423
0.689373, 0.243423
0.690987, 0.243423
0.692537, 0.243423
0.694025, 0.243423
0.695453, 0.243423
0.696824, 0.243423
0.698133, 0.243423
0.699391, 0.243423
0.700599, 0.243423
0.701758, 0.243423
0.702871, 0.243423
0.703940, 0.243423
0.704966, 0.243423
0.705951, 0.243423
0.706897, 0.243423
0.707805, 0.243423
0.708677, 0.243423
0.709514, 0.243423
0.710317, 0.243423
0.711088, 0.243423
0.711821, 0.243423
0.712517, 0.243423
0.713186, 0.243423
0.713827, 0.243423
0.714443, 0.243423
0.715035, 0.243423
0.715602, 0.243423
0.716144, 0.243423
0.716665, 0.243423
0.717165, 0.243423
0.717645, 0.243423
0.718106, 0.243423
0.718547, 0.243423
0.718965, 0.243423
0.719364, 0.243423
0.719746, 0.243423
0.720114, 0.243423
0.720466, 0.243423
0.720805, 0.243423
0.721130, 0.243423
0.721442, 0.243423
0.721742, 0.243423
0.722029, 0.243423
0.722305, 0.243423
0.722571, 0.243423
0.722825, 0.243423
0.723069, 0.243423
0.723304, 0.243423
0.723529, 0.243423
0.723745, 0.243423
0.723953, 0.243423
0.724152, 0.243423
0.724343, 0.243423
0.724527, 0.243423
0.724703, 0.243423
0.724873, 0.243423
0.725035, 0.243423
0.725191, 0.243423
0.725341, 0.243423
0.725484, 0.243423
0.725622, 0.243423
0.725755, 0.243423
0.725882, 0.243423
0.726004, 0.243423
0.726121, 0.243423
0.726234, 0.243423
0.726342, 0.243423
0.726446, 0.243423
0.726545, 0.243423
0.726641, 0.243423
0.726733, 0.243423
0.726821, 0.243423
0.726905, 0.243423
0.726987, 0.243423
0.727064, 0.243423
0.727139, 0.243423
0.727211, 0.243423
0.727280, 0.243423
0.727346, 0.243423
0.727410, 0.243423
0.727471, 0.243423
0.727529, 0.243423
0.727586, 0.243423
0.727640, 0.243423
0.727691, 0.243423
0.727741, 0.243423
0.727789, 0.243423
0.727835, 0.243423
0.727879, 0.243423
0.727921, 0.243423
0.727962, 0.243423
0.728001, 0.243423
0.728038, 0.243423
0.728074, 0.243423
0.728108, 0.243423
0.728141, 0.243423
0.728173, 0.243423
0.728204, 0.243423
0.728233, 0.243423
0.728261, 0.243423
0.728288, 0.243423
0.728314, 0.243423
0.728339, 0.243423
0.728363, 0.243423
0.728385, 0.243423
0.728407, 0.243423
0.728429, 0.243423
0.728449, 0.243423
0.728468, 0.243423
0.728487, 0.243423
0.728505, 0.243423
0.728522, 0.243423
0.728539, 0.243423
0.728555, 0.243423
0.728570, 0.243423
0.728584, 0.243423
0.728598, 0.243423
0.728612, 0.243423
0.728625, 0.243423
0.728637, 0.243423
0.728649, 0.243423
0.728661, 0.243423
0.728672, 0.243423
0.728682, 0.243423
0.728692, 0.243423
0.728702, 0.243423
0.728711, 0.243423
0.728720, 0.243423
0.728729, 0.243423
0.728737, 0.243423
0.728745, 0.243423
0.728753, 0.243423
0.728760, 0.243423
0.728767, 0.243423
0.728774, 0.243423
0.728780, 0.243423
0.728786, 0.243423
0.728792, 0.243423
0.728798, 0.243423
0.728804, 0.243423
0.728809, 0.243423
0.728814, 0.243423
0.728819, 0.243423
0.728823, 0.243423
0.728828, 0.243423
0.728832, 0.243423
0.728836, 0.243423
0.728840, 0.243423
0.728844, 0.243423
0.728848, 0.243423
0.728851, 0.243423
0.728855, 0.243423
0.728858, 0.243423
0.728861, 0.243423
0.728864, 0.243423
0.728867, 0.243423
0.650835, 0.292265
0.652586, 0.291137
0.654301, 0.289899
0.655975, 0.288564
0.657622, 0.287129
0.659247, 0.285598
0.660853, 0.283974
0.662445, 0.282261
0.664024, 0.280460
0.665595, 0.278572
0.667160, 0.276601
0.668722, 0.274545
0.670284, 0.272408
0.671848, 0.270189
0.673417, 0.267890
0.674993, 0.265512
0.676578, 0.263057
0.678173, 0.260526
0.679781, 0.257922
0.681404, 0.255248
0.683042, 0.252507
0.684698, 0.249702
0.686371, 0.246842
0.688053, 0.243947
0.689721, 0.241067
0.691390, 0.238185
0.693076, 0.235281
0.694780, 0.232364
0.696500, 0.229444
0.698228, 0.226548
0.699971, 0.223673
0.701727, 0.220832
0.703496, 0.218039
0.705276, 0.215306
0.707064, 0.212648
0.708858, 0.210078
0.710654, 0.207610
0.712430, 0.205283
0.714185, 0.203100
0.715930, 0.201051
0.717657, 0.199148
0.719353, 0.197406
0.721008, 0.195829
0.722641, 0.194397
0.724248, 0.193110
0.725828, 0.191966
0.727375, 0.190962
0.728889, 0.190094
0.730361, 0.189358
0.731791, 0.188744
0.733181, 0.188243
0.734527, 0.187848
0.735825, 0.187550
0.737080, 0.187339
0.738291, 0.187205
0.739457, 0.187141
0.740578, 0.187138
0.741654, 0.187189
0.742681, 0.187285
0.743663, 0.187419
0.744602, 0.187586
0.745494, 0.187778
0.746345, 0.187991
0.747157, 0.188222
0.747930, 0.188465
0.748665, 0.188717
0.749361, 0.188975
0.750018, 0.189234
0.750640, 0.189493
0.751231, 0.189752
0.751791, 0.190008
0.752322, 0.190261
0.752825, 0.190509
0.753301, 0.190751
0.753751, 0.190986
0.754175, 0.191213
0.754577, 0.191433
0.754957, 0.191647
0.755318, 0.191853
0.755660, 0.192051
0.755982, 0.192241
0.756286, 0.192423
0.756573, 0.192597
0.756844, 0.192764
0.757100, 0.192923
0.757341, 0.193074
0.757569, 0.193218
0.757783, 0.193356
0.757986, 0.193486
0.758176, 0.193610
0.758356, 0.193728
0.758526, 0.193839
0.758685, 0.193945
0.758836, 0.194045
0.758978, 0.194140
0.759111, 0.194230
0.759237, 0.194315
0.759356, 0.194395
0.759467, 0.194471
0.759572, 0.194543
0.759671, 0.194611
0.759764, 0.194675
0.759852, 0.194736
0.759935, 0.194793
0.760013, 0.194847
0.760086, 0.194898
0.760155, 0.194946
0.760220, 0.194991
0.760281, 0.195034
0.760338, 0.195074
0.760392, 0.195112
0.760443, 0.195148
0.760491, 0.195182
0.760536, 0.195214
0.760579, 0.195244
0.760619, 0.195272
0.760656, 0.195299
0.760692, 0.195324
0.760725, 0.195347
0.760756, 0.195369
0.760786, 0.195390
0.760814, 0.195410
0.760840, 0.195429
0.760864, 0.195446
0.760887, 0.195463
0.760909, 0.195478
0.760930, 0.195493
0.760949, 0.195507
0.760967, 0.195520
0.760984, 0.195532
0.761000, 0.195543
0.761015, 0.195554
0.761029, 0.195564
0.761043, 0.195574
0.761055, 0.195583
0.761067, 0.195591
0.761078, 0.195599
0.761089, 0.195607
0.761098, 0.195614
0.761108, 0.195620
0.761116, 0.195627
0.761125, 0.195632
0.761132, 0.195638
0.761140, 0.195643
0.761146, 0.195648
0.761153, 0.195653
0.761159, 0.195657
0.761165, 0.195661
0.761170, 0.195665
0.761175, 0.195669
0.761180, 0.195672
0.761184, 0.195675
0.761188, 0.195678
0.761192, 0.195681
0.761196, 0.195684
0.761199, 0.195686
0.761203, 0.195689
0.761206, 0.195691
0.761209, 0.195693
0.761211, 0.195695
0.650835, 0.295350
0.652493, 0.294060
0.654123, 0.292675
0.655721, 0.291208
0.657298, 0.289655
0.658860, 0.288018
0.660409, 0.286299
0.661948, 0.284499
0.663480, 0.282619
0.665007, 0.280660
0.666533, 0.278623
0.668059, 0.276507
0.669588, 0.274315
0.671122, 0.272045
0.672664, 0.269699
0.674215, 0.267277
0.675778, 0.264780
0.677353, 0.262208
0.678943, 0.259564
0.680550, 0.256850
0.682174, 0.254068
0.683817, 0.251221
0.685481, 0.248313
0.687159, 0.245361
0.688847, 0.242381
0.690513, 0.239439
0.692197, 0.236467
0.693901, 0.233475
0.695624, 0.230471
0.697362, 0.227473
0.699113, 0.224493
0.700880, 0.221535
0.702662, 0.218611
0.704458, 0.215733
0.706266, 0.212917
0.708084, 0.210174
0.709909, 0.207519
0.711732, 0.204973
0.713524, 0.202581
0.715312, 0.200311
0.717085, 0.198180
0.718843, 0.196194
0.720552, 0.194385
0.722243, 0.192718
0.723913, 0.191197
0.725558, 0.189821
0.727176, 0.188589
0.728764, 0.187500
0.730312, 0.186551
0.731821, 0.185735
0.733293, 0.185044
0.734721, 0.184471
0.736104, 0.184008
0.737445, 0.183645
0.738742, 0.183373
0.739995, 0.183184
0.741203, 0.183069
0.742363, 0.183020
0.743474, 0.183030
0.744540, 0.183089
0.745556, 0.183190
0.746529, 0.183328
0.747460, 0.183496
0.748348, 0.183689
0.749194, 0.183901
0.749994, 0.184128
0.750754, 0.184365
0.751477, 0.184611
0.752165, 0.184862
0.752819, 0.185117
0.753439, 0.185373
0.754026, 0.185626
0.754582, 0.185877
0.755111, 0.186126
0.755614, 0.186370
0.756090, 0.186609
0.756541, 0.186841
0.756967, 0.187067
0.757371, 0.187286
0.757752, 0.187497
0.758113, 0.187700
0.758453, 0.187896
0.758775, 0.188083
0.759079, 0.188263
0.759366, 0.188436
0.759637, 0.188600
0.759893, 0.188757
0.760134, 0.188907
0.760362, 0.189050
0.760576, 0.189186
0.760779, 0.189315
0.760970, 0.189438
0.761150, 0.189555
0.761319, 0.189665
0.761479, 0.189770
0.761630, 0.189870
0.761772, 0.189964
0.761905, 0.190053
0.762031, 0.190138
0.762150, 0.190218
0.762262, 0.190293
0.762367, 0.190365
0.762467, 0.190432
0.762560, 0.190496
0.762648, 0.190556
0.762731, 0.190613
0.762809, 0.190667
0.762882, 0.190718
0.762952, 0.190766
0.763017, 0.190811
0.763078, 0.190853
0.763136, 0.190893
0.763190, 0.190931
0.763241, 0.190967
0.763289, 0.191001
0.763334, 0.191033
0.763377, 0.191062
0.763417, 0.191091
0.763455, 0.191117
0.763491, 0.191142
0.763524, 0.191166
0.763555, 0.191188
0.763585, 0.191209
0.763613, 0.191229
0.763639, 0.191247
0.763664, 0.191265
0.763687, 0.191281
0.763709, 0.191297
0.763730, 0.191311
0.763749, 0.191325
0.763767, 0.191338
0.763784, 0.191350
0.763800, 0.191362
0.763816, 0.191372
0.763830, 0.191383
0.763843, 0.191392
0.763856, 0.191401
0.763868, 0.191410
0.763879, 0.191418
0.763890, 0.191425
0.763899, 0.191432
0.763909, 0.191439
0.763918, 0.191445
0.763926, 0.191451
0.763934, 0.191457
0.763941, 0.191462
0.763948, 0.191467
0.763954, 0.191471
0.763960, 0.191476
0.763966, 0.191480
0.763971, 0.191484
0.763976, 0.191487
0.763981, 0.191491
0.763986, 0.191494
0.763990, 0.191497
0.763994, 0.191500
0.763998, 0.191502
0.764001, 0.191505
0.764004, 0.191507
0.764008, 0.191509
0.764010, 0.191512
0.764013, 0.191514
0.690869, 0.240733
0.690869, 0.240733
0.690869, 0.240733
0.690869, 0.240733
0.690869, 0.240733
0.690869, 0.240733
0.690869, 0.240733
0.690869, 0.240733
0.690869, 0.240733
0.690869, 0.240733
0.690869, 0.240733
0.690869, 0.240733
0.690869, 0.240733
0.690869, 0.240733
0.690869, 0.240733
0.690869, 0.240733
0.690869, 0.240733
0.690869, 0.240733
0.690869, 0.240733
0.690869, 0.240733
0.690869, 0.240733
0.690869, 0.240733
0.690869, 0.240733
0.690869, 0.240733
0.690869, 0.240733
0.690869, 0.240733
0.690869, 0.240733
0.690869, 0.240733
0.690869, 0.240733
0.690869, 0.240733
0.690869, 0.240733
0.690869, 0.240733
0.690869, 0.240733
0.690869, 0.240733
0.690869, 0.240733
0.690869, 0.240733
0.690869, 0.240733
0.690869, 0.240733
0.690869, 0.240733
0.690869, 0.240733
0.690869, 0.240733
0.690869, 0.240733
0.690869, 0.240733
0.690869, 0.240733
0.690869, 0.240733
0.690869, 0.240733
0.690869, 0.240733
0.690869, 0.240733
0.690869, 0.240733
0.690869, 0.240733
0.690869, 0.240733
0.690869, 0.240733
0.690869, 0.240733
0.690869, 0.240733
0.690869, 0.240733
0.690869, 0.240733
0.690869, 0.240733
0.690869, 0.240733
0.690869, 0.240733
0.690869, 0.240733
0.690869, 0.240733
0.690869, 0.240733
0.690869, 0.240733
0.690869, 0.240733
0.690869, 0.240733
0.690869, 0.240733
0.690869, 0.240733
0.690869, 0.240733
0.690869, 0.240733
0.690869, 0.240733
0.690869, 0.240733
0.690869, 0.240733
0.690869, 0.240733
0.690869, 0.240733
0.690869, 0.240733
0.690869, 0.240733
0.690869, 0.240733
0.690869, 0.240733
0.690869, 0.240733
0.690869, 0.240733
0.690869, 0.240733
0.690869, 0.240733
0.690869, 0.240733
0.690869, 0.240733
0.690869, 0.240733
0.690869, 0.240733
0.690869, 0.240733
0.690869, 0.240733
0.690869, 0.240733
0.690869, 0.240733
0.690869, 0.240733
0.690869, 0.240733
0.690869, 0.240733
0.690869, 0.240733
0.690869, 0.240733
0.690869, 0.240733
0.690869, 0.240733
0.690869, 0.240733
0.690869, 0.240733
0.690869, 0.240733
0.690869, 0.240733
0.690869, 0.240733
0.690869, 0.240733
0.690869, 0.240733
0.690869, 0.240733
0.690869, 0.240733
0.690869, 0.240733
0.690869, 0.240733
0.690869, 0.240733
0.690869, 0.240733
0.690869, 0.240733
0.690869, 0.240733
0.690869, 0.240733
0.690869, 0.240733
0.690869, 0.240733
0.690869, 0.240733
0.690869, 0.240733
0.690869, 0.240733
0.690869, 0.240733
0.690869, 0.240733
0.690869, 0.240733
0.690869, 0.240733
0.690869, 0.240733
0.690869, 0.240733
0.690869, 0.240733
0.690869, 0.240733
0.690869, 0.240733
0.690869, 0.240733
0.690869, 0.240733
0.690869, 0.240733
0.690869, 0.240733
0.690869, 0.240733
0.690869, 0.240733
0.690869, 0.240733
0.690869, 0.240733
0.690869, 0.240733
0.690869, 0.240733
0.690869, 0.240733
0.690869, 0.240733
0.690869, 0.240733
0.690869, 0.240733
0.690869, 0.240733
0.690869, 0.240733
0.690869, 0.240733
0.690869, 0.240733
0.690869, 0.240733
0.690869, 0.240733
0.690869, 0.240733
0.690869, 0.240733
0.690869, 0.240733
0.690869, 0.240733
0.690869, 0.240733
0.690869, 0.240733
0.690869, 0.240733
0.690869, 0.240733
0.690869, 0.240733
0.690869, 0.240733
0.690869, 0.240733
0.690869, 0.240733
0.690869, 0.240733
0.690869, 0.240733
0.690869, 0.240733
0.690869, 0.240733
0.690869, 0.240733
0.690869, 0.240733
0.690869, 0.240733
0.690869, 0.240733
0.690869, 0.240733
0.690869, 0.240733
0.690869, 0.240733
0.690869, 0.240733
0.690869, 0.240733
0.690869, 0.240733
0.650835, 0.292028
0.652593, 0.290223
0.654335, 0.288380
0.656053, 0.286510
0.657760, 0.284603
0.659455, 0.282661
0.661142, 0.280685
0.662821, 0.278675
0.664493, 0.276632
0.666161, 0.274557
0.667825, 0.272450
0.669486, 0.270313
0.671145, 0.268146
0.672804, 0.265950
0.674462, 0.263727
0.676122, 0.261476
0.677784, 0.259200
0.679447, 0.256900
0.681114, 0.254577
0.682784, 0.252233
0.684459, 0.249869
0.686137, 0.247487
0.687810, 0.245105
0.689461, 0.242747
0.691091, 0.240416
0.692724, 0.238078
0.694360, 0.235738
0.695999, 0.233397
0.697635, 0.231066
0.699271, 0.228743
0.700908, 0.226428
0.702548, 0.224124
0.704189, 0.221832
0.705831, 0.219557
0.707473, 0.217302
0.709116, 0.215068
0.710758, 0.212860
0.712378, 0.210707
0.713981, 0.208605
0.715580, 0.206538
0.717165, 0.204518
0.718743, 0.202541
0.720280, 0.200646
0.721809, 0.198796
0.723328, 0.196993
0.724836, 0.195237
0.726333, 0.193531
0.727818, 0.191876
0.729289, 0.190274
0.730737, 0.188734
0.732169, 0.187248
0.733585, 0.185817
0.734979, 0.184445
0.736353, 0.183131
0.737708, 0.181871
0.739043, 0.180666
0.740358, 0.179514
0.741652, 0.178417
0.742918, 0.177377
0.744160, 0.176390
0.745375, 0.175457
0.746564, 0.174574
0.747730, 0.173739
0.748872, 0.172950
0.749980, 0.172212
0.751059, 0.171520
0.752113, 0.170869
0.753143, 0.170257
0.754144, 0.169685
0.755122, 0.169148
0.756079, 0.168644
0.757012, 0.168173
0.757920, 0.167733
0.758803, 0.167323
0.759662, 0.166941
0.760498, 0.166586
0.761309, 0.166256
0.762097, 0.165950
0.762861, 0.165667
0.763603, 0.165405
0.764322, 0.165162
0.765019, 0.164938
0.765689, 0.164733
0.766330, 0.164547
0.766950, 0.164375
0.767550, 0.164217
0.768130, 0.164072
0.768691, 0.163938
0.769233, 0.163816
0.769756, 0.163705
0.770262, 0.163602
0.770750, 0.163509
0.771221, 0.163424
0.771675, 0.163346
0.772113, 0.163275
0.772536, 0.163211
0.772943, 0.163153
0.773336, 0.163101
0.773714, 0.163053
0.774079, 0.163010
0.774430, 0.162971
0.774768, 0.162936
0.775093, 0.162905
0.775401, 0.162878
0.775697, 0.162853
0.775981, 0.162832
0.776255, 0.162812
0.776519, 0.162795
0.776772, 0.162780
0.777016, 0.162767
0.777250, 0.162755
0.777475, 0.162745
0.777692, 0.162736
0.777900, 0.162729
0.778100, 0.162723
0.778292, 0.162718
0.778476, 0.162713
0.778653, 0.162710
0.778824, 0.162707
0.778987, 0.162705
0.779144, 0.162703
0.779295, 0.162702
0.779440, 0.162702
0.779579, 0.162702
0.779712, 0.162702
0.779841, 0.162703
0.779964, 0.162704
0.780082, 0.162705
0.780195, 0.162706
0.780304, 0.162708
0.780408, 0.162710
0.780508, 0.162711
0.780604, 0.162713
0.780696, 0.162716
0.780785, 0.162718
0.780870, 0.162720
0.780951, 0.162722
0.781029, 0.162725
0.781104, 0.162727
0.781176, 0.162729
0.781245, 0.162732
0.781311, 0.162734
0.781374, 0.162736
0.781435, 0.162738
0.781493, 0.162741
0.781549, 0.162743
0.781603, 0.162745
0.781654, 0.162747
0.781704, 0.162749
0.781751, 0.162752
0.781796, 0.162754
0.781840, 0.162756
0.781881, 0.162758
0.781921, 0.162759
0.781960, 0.162761
0.781996, 0.162763
0.782032, 0.162765
0.782065, 0.162767
0.782098, 0.162768
0.782129, 0.162770
0.782158, 0.162771
0.782187, 0.162773
0.782214, 0.162774
0.782241, 0.162776
0.782266, 0.162777
0.782290, 0.162779
0.782313, 0.162780
0.782335, 0.162781
0.782356, 0.162782
0.782376, 0.162783
0.782396, 0.162785
0.782415, 0.162786
0.782433, 0.162787
0.782450, 0.162788
0.782466, 0.162789
0.782482, 0.162790
0.782497, 0.162790
0.782512, 0.162791
0.782525, 0.162792
0.782539, 0.162793
0.782551, 0.162794
0.782564, 0.162794
0.782575, 0.162795
0.782587, 0.162796
0.782597, 0.162796
0.782608, 0.162797
0.782618, 0.162798
0.782627, 0.162798
0.782636, 0.162799
0.782645, 0.162799
0.782653, 0.162800
0.782661, 0.162800
0.782669, 0.162801
0.782676, 0.162801
0.782683, 0.162802
0.782690, 0.162802
0.782696, 0.162803
0.782703, 0.162803
0.782709, 0.162803
0.782714, 0.162804
0.782720, 0.162804
0.782725, 0.162804
0.782730, 0.162805
0.782735, 0.162805
0.782739, 0.162805
0.782744, 0.162806
0.782748, 0.162806
0.782752, 0.162806
0.782756, 0.162806
0.782760, 0.162807
0.782763, 0.162807
0.782767, 0.162807
0.782770, 0.162807
0.782773, 0.162808
0.782776, 0.162808
0.782779, 0.162808
0.782782, 0.162808
0.782784, 0.162808
0.650835, 0.292028
0.652593, 0.290223
0.654335, 0.288380
0.656053, 0.286510
0.657760, 0.284603
0.659455, 0.282661
0.661142, 0.280685
0.662821, 0.278675
0.664493, 0.276632
0.666161, 0.274557
0.667825, 0.272450
0.669486, 0.270313
0.671145, 0.268146
0.672804, 0.265950
0.674462, 0.263727
0.676122, 0.261476
0.677784, 0.259200
0.679447, 0.256900
0.681114, 0.254577
0.682784, 0.252233
0.684459, 0.249869
0.686137, 0.247487
0.687810, 0.245105
0.689461, 0.242747
0.691091, 0.240416
0.692724, 0.238078
0.694360, 0.235738
0.695999, 0.233397
0.697635, 0.231066
0.699271, 0.228743
0.700908, 0.226428
0.702548, 0.224124
0.704189, 0.221832
0.705831, 0.219557
0.707473, 0.217302
0.709116, 0.215068
0.710758, 0.212860
0.712378, 0.210707
0.713981, 0.208605
0.715580, 0.206538
0.717165, 0.204518
0.718743, 0.202541
0.720280, 0.200646
0.721809, 0.198796
0.723328, 0.196993
0.724836, 0.195237
0.726333, 0.193531
0.727818, 0.191876
0.729289, 0.190274
0.730737, 0.188734
0.732169, 0.187248
0.733585, 0.185817
0.734979, 0.184445
0.736353, 0.183131
0.737708, 0.181871
0.739043, 0.180666
0.740358, 0.179514
0.741652, 0.178417
0.742918, 0.177377
0.744160, 0.176390
0.745375, 0.175457
0.746564, 0.174574
0.747730, 0.173739
0.748872, 0.172950
0.749980, 0.172212
0.751059, 0.171520
0.752113, 0.170869
0.753143, 0.170257
0.754144, 0.169685
0.755122, 0.169148
0.756079, 0.168644
0.757012, 0.168173
0.757920, 0.167733
0.758803, 0.167323
0.759662, 0.166941
0.760498, 0.166586
0.761309, 0.166256
0.762097, 0.165950
0.762861, 0.165667
0.763603, 0.165405
0.764322, 0.165162
0.765019, 0.164938
0.765689, 0.164733
0.766330, 0.164547
0.766950, 0.164375
0.767550, 0.164217
0.768130, 0.164072
0.768691, 0.163938
0.769233, 0.163816
0.769756, 0.163705
0.770262, 0.163602
0.770750, 0.163509
0.771221, 0.163424
0.771675, 0.163346
0.772113, 0.163275
0.772536, 0.163211
0.772943, 0.163153
0.773336, 0.163101
0.773714, 0.163053
0.774079, 0.163010
0.774430, 0.162971
0.774768, 0.162936
0.775093, 0.162905
0.775401, 0.162878
0.775697, 0.162853
0.775981, 0.162832
0.776255, 0.162812
0.776519, 0.162795
0.776772, 0.162780
0.777016, 0.162767
0.777250, 0.162755
0.777475, 0.162745
0.777692, 0.162736
0.777900, 0.162729
0.778100, 0.162723
0.778292, 0.162718
0.778476, 0.162713
0.778653, 0.162710
0.778824, 0.162707
0.778987, 0.162705
0.779144, 0.162703
0.779295, 0.162702
0.779440, 0.162702
0.779579, 0.162702
0.779712, 0.162702
0.779841, 0.162703
0.779964, 0.162704
0.780082, 0.162705
0.780195, 0.162706
0.780304, 0.162708
0.780408, 0.162710
0.780508, 0.162711
0.780604, 0.162713
0.780696, 0.162716
0.780785, 0.162718
0.780870, 0.162720
0.780951, 0.162722
0.781029, 0.162725
0.781104, 0.162727
0.781176, 0.162729
0.781245, 0.162732
0.781311, 0.162734
0.781374, 0.162736
0.781435, 0.162738
0.781493, 0.162741
0.781549, 0.162743
0.781603, 0.162745
0.781654, 0.162747
0.781704, 0.162749
0.781751, 0.162752
0.781796, 0.162754
0.781840, 0.162756
0.781881, 0.162758
0.781921, 0.162759
0.781960, 0.162761
0.781996, 0.162763
0.782032, 0.162765
0.782065, 0.162767
0.782098, 0.162768
0.782129, 0.162770
0.782158, 0.162771
0.782187, 0.162773
0.782214, 0.162774
0.782241, 0.162776
0.782266, 0.162777
0.782290, 0.162779
0.782313, 0.162780
0.782335, 0.162781
0.782356, 0.162782
0.782376, 0.162783
0.782396, 0.162785
0.782415, 0.162786
0.782433, 0.162787
0.782450, 0.162788
0.782466, 0.162789
0.782482, 0.162790
0.782497, 0.162790
0.782512, 0.162791
0.782525, 0.162792
0.782539, 0.162793
0.782551, 0.162794
0.782564, 0.162794
0.782575, 0.162795
0.782587, 0.162796
0.782597, 0.162796
0.782608, 0.162797
0.782618, 0.162798
0.782627, 0.162798
0.782636, 0.162799
0.782645, 0.162799
0.782653, 0.162800
0.782661, 0.162800
0.782669, 0.162801
0.782676, 0.162801
0.782683, 0.162802
0.782690, 0.162802
0.782696, 0.162803
0.782703, 0.162803
0.782709, 0.162803
0.782714, 0.162804
0.782720, 0.162804
0.782725, 0.162804
0.782730, 0.162805
0.782735, 0.162805
0.782739, 0.162805
0.782744, 0.162806
0.782748, 0.162806
0.782752, 0.162806
0.782756, 0.162806
0.782760, 0.162807
0.782763, 0.162807
0.782767, 0.162807
0.782770, 0.162807
0.782773, 0.162808
0.782776, 0.162808
0.782779, 0.162808
0.782782, 0.162808
0.782784, 0.162808
0.650835, 0.292028
0.652593, 0.290223
0.654335, 0.288380
0.656053, 0.286510
0.657760, 0.284603
0.659455, 0.282661
0.661142, 0.280685
0.662821, 0.278675
0.664493, 0.276632
0.666161, 0.274557
0.667825, 0.272450
0.669486, 0.270313
0.671145, 0.268146
0.672804, 0.265950
0.674462, 0.263727
0.676122, 0.261476
0.677784, 0.259200
0.679447, 0.256900
0.681114, 0.254577
0.682784, 0.252233
0.684459, 0.249869
0.686137, 0.247487
0.687810, 0.245105
0.689461, 0.242747
0.691091, 0.240416
0.692724, 0.238078
0.694360, 0.235738
0.695999, 0.233397
0.697635, 0.231066
0.699271, 0.228743
0.700908, 0.226428
0.702548, 0.224124
0.704189, 0.221832
0.705831, 0.219557
0.707473, 0.217302
0.709116, 0.215068
0.710758, 0.212860
0.712378, 0.210707
0.713981, 0.208605
0.715580, 0.206538
0.717165, 0.204518
0.718743, 0.202541
0.720280, 0.200646
0.721809, 0.198796
0.723328, 0.196993
0.724836, 0.195237
0.726333, 0.193531
0.727818, 0.191876
0.729289, 0.190274
0.730737, 0.188734
0.732169, 0.187248
0.733585, 0.185817
0.734979, 0.184445
0.736353, 0.183131
0.737708, 0.181871
0.739043, 0.180666
0.740358, 0.179514
0.741652, 0.178417
0.742918, 0.177377
0.744160, 0.176390
0.745375, 0.175457
0.746564, 0.174574
0.747730, 0.173739
0.748872, 0.172950
0.749980, 0.172212
0.751059, 0.171520
0.752113, 0.170869
0.753143, 0.170257
0.754144, 0.169685
0.755122, 0.169148
0.756079, 0.168644
0.757012, 0.168173
0.757920, 0.167733
0.758803, 0.167323
0.759662, 0.166941
0.760498, 0.166586
0.761309, 0.166256
0.762097, 0.165950
0.762861, 0.165667
0.763603, 0.165405
0.764322, 0.165162
0.765019, 0.164938
0.765689, 0.164733
0.766330, 0.164547
0.766950, 0.164375
0.767550, 0.164217
0.768130, 0.164072
0.768691, 0.163938
0.769233, 0.163816
0.769756, 0.163705
0.770262, 0.163602
0.770750, 0.163509
0.771221, 0.163424
0.771675, 0.163346
0.772113, 0.163275
0.772536, 0.163211
0.772943, 0.163153
0.773336, 0.163101
0.773714, 0.163053
0.774079, 0.163010
0.774430, 0.162971
0.774768, 0.162936
0.775093, 0.162905
0.775401, 0.162878
0.775697, 0.162853
0.775981, 0.162832
0.776255, 0.162812
0.776519, 0.162795
0.776772, 0.162780
0.777016, 0.162767
0.777250, 0.162755
0.777475, 0.162745
0.777692, 0.162736
0.777900, 0.162729
0.778100, 0.162723
0.778292, 0.162718
0.778476, 0.162713
0.778653, 0.162710
0.778824, 0.162707
0.778987, 0.162705
0.779144, 0.162703
0.779295, 0.162702
0.779440, 0.162702
0.779579, 0.162702
0.779712, 0.162702
0.779841, 0.162703
0.779964, 0.162704
0.780082, 0.162705
0.780195, 0.162706
0.780304, 0.162708
0.780408, 0.162710
0.780508, 0.162711
0.780604, 0.162713
0.780696, 0.162716
0.780785, 0.162718
0.780870, 0.162720
0.780951, 0.162722
0.781029, 0.162725
0.781104, 0.162727
0.781176, 0.162729
0.781245, 0.162732
0.781311, 0.162734
0.781374, 0.162736
0.781435, 0.162738
0.781493, 0.162741
0.781549, 0.162743
0.781603, 0.162745
0.781654, 0.162747
0.781704, 0.162749
0.781751, 0.162752
0.781796, 0.162754
0.781840, 0.162756
0.781881, 0.162758
0.781921, 0.162759
0.781960, 0.162761
0.781996, 0.162763
0.782032, 0.162765
0.782065, 0.162767
0.782098, 0.162768
0.782129, 0.162770
0.782158, 0.162771
0.782187, 0.162773
0.782214, 0.162774
0.782241, 0.162776
0.782266, 0.162777
0.782290, 0.162779
0.782313, 0.162780
0.782335, 0.162781
0.782356, 0.162782
0.782376, 0.162783
0.782396, 0.162785
0.782415, 0.162786
0.782433, 0.162787
0.782450, 0.162788
0.782466, 0.162789
0.782482, 0.162790
0.782497, 0.162790
0.782512, 0.162791
0.782525, 0.162792
0.782539, 0.162793
0.782551, 0.162794
0.782564, 0.162794
0.782575, 0.162795
0.782587, 0.162796
0.782597, 0.162796
0.782608, 0.162797
0.782618, 0.162798
0.782627, 0.162798
0.782636, 0.162799
0.782645, 0.162799
0.782653, 0.162800
0.782661, 0.162800
0.782669, 0.162801
0.782676, 0.162801
0.782683, 0.162802
0.782690, 0.162802
0.782696, 0.162803
0.782703, 0.162803
0.782709, 0.162803
0.782714, 0.162804
0.782720, 0.162804
0.782725, 0.162804
0.782730, 0.162805
0.782735, 0.162805
0.782739, 0.162805
0.782744, 0.162806
0.782748, 0.162806
0.782752, 0.162806
0.782756, 0.162806
0.782760, 0.162807
0.782763, 0.162807
0.782767, 0.162807
0.782770, 0.162807
0.782773, 0.162808
0.782776, 0.162808
0.782779, 0.162808
0.782782, 0.162808
0.782784, 0.162808
0.724386, 0.195757
0.725887, 0.194036
0.727375, 0.192366
0.728850, 0.190748
0.730305, 0.189189
0.731742, 0.187687
0.733163, 0.186239
0.734565, 0.184849
0.735944, 0.183519
0.737304, 0.182242
0.738645, 0.181021
0.739966, 0.179853
0.741267, 0.178740
0.742542, 0.177682
0.743791, 0.176680
0.745014, 0.175730
0.746211, 0.174833
0.747384, 0.173984
0.748533, 0.173181
0.749652, 0.172428
0.750738, 0.171723
0.751800, 0.171060
0.752837, 0.170436
0.753848, 0.169852
0.754831, 0.169306
0.755795, 0.168791
0.756735, 0.168310
0.757651, 0.167861
0.758541, 0.167443
0.759408, 0.167052
0.760250, 0.166690
0.761068, 0.166352
0.761863, 0.166040
0.762635, 0.165750
0.763383, 0.165481
0.764109, 0.165233
0.764813, 0.165003
0.765494, 0.164792
0.766141, 0.164601
0.766767, 0.164425
0.767373, 0.164263
0.767959, 0.164114
0.768525, 0.163977
0.769073, 0.163852
0.769602, 0.163737
0.770112, 0.163632
0.770606, 0.163536
0.771082, 0.163448
0.771541, 0.163369
0.771984, 0.163296
0.772411, 0.163230
0.772823, 0.163170
0.773220, 0.163116
0.773603, 0.163067
0.773971, 0.163022
0.774326, 0.162982
0.774668, 0.162946
0.774997, 0.162914
0.775310, 0.162886
0.775609, 0.162860
0.775897, 0.162838
0.776174, 0.162818
0.776441, 0.162800
0.776697, 0.162784
0.776944, 0.162771
0.777181, 0.162759
0.777409, 0.162748
0.777628, 0.162739
0.777838, 0.162731
0.778041, 0.162725
0.778235, 0.162719
0.778422, 0.162714
0.778601, 0.162711
0.778773, 0.162708
0.778939, 0.162705
0.779098, 0.162704
0.779251, 0.162703
0.779397, 0.162702
0.779538, 0.162702
0.779673, 0.162702
0.779803, 0.162703
0.779927, 0.162703
0.780047, 0.162704
0.780161, 0.162706
0.780272, 0.162707
0.780377, 0.162709
0.780479, 0.162711
0.780576, 0.162713
0.780669, 0.162715
0.780759, 0.162717
0.780845, 0.162719
0.780927, 0.162722
0.781006, 0.162724
0.781082, 0.162726
0.781155, 0.162728
0.781224, 0.162731
0.781291, 0.162733
0.781356, 0.162735
0.781417, 0.162738
0.781476, 0.162740
0.781533, 0.162742
0.781587, 0.162745
0.781639, 0.162747
0.781689, 0.162749
0.781737, 0.162751
0.781783, 0.162753
0.781827, 0.162755
0.781869, 0.162757
0.781910, 0.162759
0.781948, 0.162761
0.781986, 0.162763
0.782021, 0.162764
0.782055, 0.162766
0.782088, 0.162768
0.782120, 0.162769
0.782150, 0.162771
0.782179, 0.162772
0.782206, 0.162774
0.782233, 0.162775
0.782258, 0.162777
0.782283, 0.162778
0.782306, 0.162779
0.782328, 0.162781
0.782350, 0.162782
0.782370, 0.162783
0.782390, 0.162784
0.782409, 0.162785
0.782427, 0.162786
0.782445, 0.162787
0.782461, 0.162788
0.782477, 0.162789
0.782493, 0.162790
0.782507, 0.162791
0.782521, 0.162792
0.782535, 0.162793
0.782548, 0.162793
0.782560, 0.162794
0.782572, 0.162795
0.782583, 0.162796
0.782594, 0.162796
0.782605, 0.162797
0.782615, 0.162798
0.782624, 0.162798
0.782633, 0.162799
0.782642, 0.162799
0.782651, 0.162800
0.782659, 0.162800
0.782667, 0.162801
0.782674, 0.162801
0.782681, 0.162802
0.782688, 0.162802
0.782695, 0.162803
0.782701, 0.162803
0.782707, 0.162803
0.782713, 0.162804
0.782718, 0.162804
0.782723, 0.162804
0.782728, 0.162805
0.782733, 0.162805
0.782738, 0.162805
0.782742, 0.162806
0.782747, 0.162806
0.782751, 0.162806
0.782755, 0.162806
0.782759, 0.162807
0.782762, 0.162807
0.782766, 0.162807
0.782769, 0.162807
0.782772, 0.162808
0.782775, 0.162808
0.782778, 0.162808
0.782781, 0.162808
0.782783, 0.162808
0.724386, 0.195757
0.753972, 0.169782
0.773553, 0.163073
0.780857, 0.162720
0.782495, 0.162790
0.782786, 0.162808
0.724386, 0.195757
0.753972, 0.169782
0.773553, 0.163073
0.780857, 0.162720
0.782495, 0.162790
0.782786, 0.162808
0.711434, 0.194115
0.740426, 0.163114
0.761557, 0.151866
0.771184, 0.150245
0.773878, 0.150170
0.774451, 0.150175
0.774564, 0.150176
0.717876, 0.194588
0.747347, 0.165816
0.767916, 0.156978
0.776389, 0.156158
0.778479, 0.156195
0.778877, 0.156213
0.778948, 0.156216
0.721127, 0.195082
0.750702, 0.167653
0.770836, 0.159923
0.778718, 0.159375
0.780568, 0.159436
0.780906, 0.159455
0.780964, 0.159458
0.722755, 0.195398
0.752346, 0.168684
0.772224, 0.161475
0.779806, 0.161033
0.781550, 0.161100
0.781864, 0.161119
0.781917, 0.161122
0.724386, 0.195757
0.753972, 0.169782
0.773553, 0.163073
0.780857, 0.162720
0.782495, 0.162790
0.782786, 0.162808
0.726019, 0.196161
0.755574, 0.170946
0.774832, 0.164711
0.781871, 0.164431
0.783413, 0.164503
0.783684, 0.164521
0.727653, 0.196609
0.757149, 0.172175
0.776068, 0.166384
0.782850, 0.166164
0.784305, 0.166236
0.784558, 0.166253
0.730921, 0.197639
0.760204, 0.174808
0.778400, 0.169816
0.784671, 0.169682
0.785988, 0.169750
0.786215, 0.169765
0.737364, 0.200275
0.765874, 0.180670
0.782458, 0.176920
0.787826, 0.176849
0.788937, 0.176899
0.789131, 0.176910
0.637177, 0.290576
0.670347, 0.252497
0.697318, 0.213630
0.722782, 0.180167
0.744490, 0.160134
0.758447, 0.152855
0.764628, 0.151115
0.766669, 0.150738
0.767252, 0.150648
0.767411, 0.150624
0.642092, 0.293343
0.674407, 0.255369
0.701637, 0.216331
0.727815, 0.183024
0.750149, 0.164032
0.764045, 0.157890
0.769816, 0.156655
0.771567, 0.156430
0.772027, 0.156382
0.772142, 0.156371
0.644573, 0.294577
0.676530, 0.256686
0.703883, 0.217698
0.730336, 0.184708
0.752834, 0.166393
0.766579, 0.160786
0.772114, 0.159743
0.773735, 0.159566
0.774147, 0.159530
0.774247, 0.159522
0.645814, 0.295158
0.677611, 0.257317
0.705021, 0.218392
0.731589, 0.185617
0.754132, 0.167668
0.767779, 0.162311
0.773189, 0.161350
0.774752, 0.161192
0.775144, 0.161160
0.775238, 0.161153
0.647056, 0.295712
0.678706, 0.257927
0.706171, 0.219089
0.732840, 0.186566
0.755402, 0.168999
0.768933, 0.163883
0.774221, 0.162994
0.775727, 0.162851
0.776101, 0.162823
0.776190, 0.162817
0.648298, 0.296241
0.679814, 0.258516
0.707331, 0.219790
0.734086, 0.187554
0.756640, 0.170385
0.770041, 0.165497
0.775213, 0.164670
0.776666, 0.164540
0.777023, 0.164515
0.777108, 0.164509
0.649540, 0.296743
0.680934, 0.259082
0.708502, 0.220493
0.735328, 0.188580
0.757842, 0.171823
0.771104, 0.167148
0.776160, 0.166375
0.777567, 0.166255
0.777910, 0.166232
0.777990, 0.166227
0.652017, 0.297668
0.683213, 0.260148
0.710877, 0.221901
0.737794, 0.190740
0.760161, 0.174828
0.773110, 0.170543
0.777934, 0.169857
0.779257, 0.169752
0.779577, 0.169732
0.779651, 0.169728
0.656925, 0.299205
0.687877, 0.262044
0.715715, 0.224763
0.742613, 0.195458
0.764425, 0.181264
0.776585, 0.177620
0.781003, 0.177032
0.782208, 0.176937
0.782501, 0.176918
0.782570, 0.176913
0.641021, 0.287141
0.677476, 0.242459
0.708848, 0.197544
0.738179, 0.164923
0.760236, 0.152258
0.770731, 0.150273
0.773774, 0.150170
0.774431, 0.150174
0.774560, 0.150176
0.645901, 0.289771
0.681577, 0.245248
0.713431, 0.200247
0.743525, 0.168538
0.765797, 0.157434
0.775741, 0.156165
0.778347, 0.156190
0.778853, 0.156212
0.778944, 0.156216
0.648366, 0.290945
0.683706, 0.246574
0.715780, 0.201718
0.746164, 0.170677
0.768392, 0.160369
0.778005, 0.159370
0.780429, 0.159429
0.780882, 0.159453
0.780960, 0.159458
0.649600, 0.291499
0.684770, 0.247244
0.716952, 0.202501
0.747453, 0.171837
0.769614, 0.161913
0.779067, 0.161023
0.781407, 0.161093
0.781839, 0.161117
0.781913, 0.161122
0.650835, 0.292028
0.685842, 0.247907
0.718119, 0.203319
0.748718, 0.173055
0.770796, 0.163500
0.780094, 0.162705
0.782350, 0.162782
0.782762, 0.162807
0.782831, 0.162811
0.652072, 0.292532
0.686921, 0.248561
0.719274, 0.204176
0.749945, 0.174336
0.771935, 0.165127
0.781085, 0.164413
0.783266, 0.164494
0.783660, 0.164519
0.783725, 0.164523
0.653309, 0.293010
0.688013, 0.249198
0.720436, 0.205051
0.751160, 0.175660
0.773044, 0.166787
0.782043, 0.166142
0.784156, 0.166227
0.784533, 0.166251
0.784596, 0.166255
0.655785, 0.293889
0.690241, 0.250409
0.722784, 0.206836
0.753550, 0.178424
0.775130, 0.170197
0.783823, 0.169656
0.785833, 0.169741
0.786189, 0.169764
0.786248, 0.169768
0.660704, 0.295348
0.694822, 0.252627
0.727495, 0.210613
0.758107, 0.184368
0.778866, 0.177269
0.786919, 0.176824
0.788769, 0.176890
0.789103, 0.176908
0.789159, 0.176912
0.641021, 0.287141
0.677476, 0.242459
0.708848, 0.197544
0.738179, 0.164923
0.760236, 0.152258
0.770731, 0.150273
0.773774, 0.150170
0.774431, 0.150174
0.774560, 0.150176
0.645901, 0.289771
0.681577, 0.245248
0.713431, 0.200247
0.743525, 0.168538
0.765797, 0.157434
0.775741, 0.156165
0.778347, 0.156190
0.778853, 0.156212
0.778944, 0.156216
0.648366, 0.290945
0.683706, 0.246574
0.715780, 0.201718
0.746164, 0.170677
0.768392, 0.160369
0.778005, 0.159370
0.780429, 0.159429
0.780882, 0.159453
0.780960, 0.159458
0.649600, 0.291499
0.684770, 0.247244
0.716952, 0.202501
0.747453, 0.171837
0.769614, 0.161913
0.779067, 0.161023
0.781407, 0.161093
0.781839, 0.161117
0.781913, 0.161122
0.650835, 0.292028
0.685842, 0.247907
0.718119, 0.203319
0.748718, 0.173055
0.770796, 0.163500
0.780094, 0.162705
0.782350, 0.162782
0.782762, 0.162807
0.782831, 0.162811
0.652072, 0.292532
0.686921, 0.248561
0.719274, 0.204176
0.749945, 0.174336
0.771935, 0.165127
0.781085, 0.164413
0.783266, 0.164494
0.783660, 0.164519
0.783725, 0.164523
0.653309, 0.293010
0.688013, 0.249198
0.720436, 0.205051
0.751160, 0.175660
0.773044, 0.166787
0.782043, 0.166142
0.784156, 0.166227
0.784533, 0.166251
0.784596, 0.166255
0.655785, 0.293889
0.690241, 0.250409
0.722784, 0.206836
0.753550, 0.178424
0.775130, 0.170197
0.783823, 0.169656
0.785833, 0.169741
0.786189, 0.169764
0.786248, 0.169768
0.660704, 0.295348
0.694822, 0.252627
0.727495, 0.210613
0.758107, 0.184368
0.778866, 0.177269
0.786919, 0.176824
0.788769, 0.176890
0.789103, 0.176908
0.789159, 0.176912
0.641021, 0.287141
0.677476, 0.242459
0.708848, 0.197544
0.738179, 0.164923
0.760236, 0.152258
0.770731, 0.150273
0.773774, 0.150170
0.774431, 0.150174
0.774560, 0.150176
0.774584, 0.150177
0.645901, 0.289771
0.681577, 0.245248
0.713431, 0.200247
0.743525, 0.168538
0.765797, 0.157434
0.775741, 0.156165
0.778347, 0.156190
0.778853, 0.156212
0.778944, 0.156216
0.778960, 0.156217
0.648366, 0.290945
0.683706, 0.246574
0.715780, 0.201718
0.746164, 0.170677
0.768392, 0.160369
0.778005, 0.159370
0.780429, 0.159429
0.780882, 0.159453
0.780960, 0.159458
0.780974, 0.159459
0.649600, 0.291499
0.684770, 0.247244
0.716952, 0.202501
0.747453, 0.171837
0.769614, 0.161913
0.779067, 0.161023
0.781407, 0.161093
0.781839, 0.161117
0.781913, 0.161122
0.781925, 0.161123
0.650835, 0.292028
0.685842, 0.247907
0.718119, 0.203319
0.748718, 0.173055
0.770796, 0.163500
0.780094, 0.162705
0.782350, 0.162782
0.782762, 0.162807
0.782831, 0.162811
0.782843, 0.162812
0.652072, 0.292532
0.686921, 0.248561
0.719274, 0.204176
0.749945, 0.174336
0.771935, 0.165127
0.781085, 0.164413
0.783266, 0.164494
0.783660, 0.164519
0.783725, 0.164523
0.783736, 0.164524
0.653309, 0.293010
0.688013, 0.249198
0.720436, 0.205051
0.751160, 0.175660
0.773044, 0.166787
0.782043, 0.166142
0.784156, 0.166227
0.784533, 0.166251
0.784596, 0.166255
0.784607, 0.166256
0.655785, 0.293889
0.690241, 0.250409
0.722784, 0.206836
0.753550, 0.178424
0.775130, 0.170197
0.783823, 0.169656
0.785833, 0.169741
0.786189, 0.169764
0.786248, 0.169768
0.786258, 0.169768
0.660704, 0.295348
0.694822, 0.252627
0.727495, 0.210613
0.758107, 0.184368
0.778866, 0.177269
0.786919, 0.176824
0.788769, 0.176890
0.789103, 0.176908
0.789159, 0.176912
0.789169, 0.176912
